[
  {
    "id": "ab9d0ec2-c6fd-4a09-96f5-40dfc2ab1eaa",
    "data": [
      {
        "text": "bực mình quá",
        "userDefined": false
      }
    ],
    "isTemplate": false,
    "count": 0,
    "updated": 1522993305
  },
  {
    "id": "8d77c6f0-d337-4d23-a842-6065c6cecc71",
    "data": [
      {
        "text": "giận rồi đấy",
        "userDefined": false
      }
    ],
    "isTemplate": false,
    "count": 0,
    "updated": 1522993305
  },
  {
    "id": "6d63ed40-ef41-49e2-be27-325b602d30e3",
    "data": [
      {
        "text": "shop làm ăn rất kỳ cục",
        "userDefined": false
      }
    ],
    "isTemplate": false,
    "count": 0,
    "updated": 1522993305
  },
  {
    "id": "e86afe1b-fbcd-41c0-8414-b9acf2c921c0",
    "data": [
      {
        "text": "bực rồi đấy",
        "userDefined": false
      }
    ],
    "isTemplate": false,
    "count": 0,
    "updated": 1522993305
  }
]