[
  {
    "id": "ff5d6805-9d49-4b4e-9a06-422e656e55e8",
    "data": [
      {
        "text": "Không muốn mua",
        "userDefined": false
      }
    ],
    "isTemplate": false,
    "count": 0,
    "updated": 1523635748
  },
  {
    "id": "10f49d1f-cf1f-4e46-93a1-507603a236ba",
    "data": [
      {
        "text": "Tôi không thích nữa",
        "userDefined": false
      }
    ],
    "isTemplate": false,
    "count": 0,
    "updated": 1523635748
  },
  {
    "id": "820fb425-0aa3-4d76-8bc8-e7f0936bd2d1",
    "data": [
      {
        "text": "Tôi cảm thấy không muốn mua nữa",
        "userDefined": false
      }
    ],
    "isTemplate": false,
    "count": 0,
    "updated": 1523635748
  }
]