[
  {
    "id": "a240e46e-f14f-4d10-9ea0-48e6c07d5403",
    "data": [
      {
        "text": "shop này là shop gì",
        "userDefined": false
      }
    ],
    "isTemplate": false,
    "count": 0,
    "updated": 1522980353
  },
  {
    "id": "4d8c03a4-5b5c-40ee-b941-b6fa7a053f8b",
    "data": [
      {
        "text": "shop gì vậy ??",
        "userDefined": false
      }
    ],
    "isTemplate": false,
    "count": 0,
    "updated": 1522980353
  },
  {
    "id": "1a9cd098-45dd-485c-800e-96c38af064d8",
    "data": [
      {
        "text": "cho mình biết thêm về shop đi",
        "userDefined": false
      }
    ],
    "isTemplate": false,
    "count": 0,
    "updated": 1522980353
  },
  {
    "id": "17224642-3001-467f-918d-5d881accfee4",
    "data": [
      {
        "text": "Shop bán gì thế",
        "userDefined": false
      }
    ],
    "isTemplate": false,
    "count": 0,
    "updated": 1522980353
  },
  {
    "id": "69050b73-b704-4e8c-9d6b-a38bbdf0dddd",
    "data": [
      {
        "text": "bán gì vậy",
        "userDefined": false
      }
    ],
    "isTemplate": false,
    "count": 0,
    "updated": 1522980353
  },
  {
    "id": "2ecd20dd-43f6-44df-bcb4-096ab70fe8f8",
    "data": [
      {
        "text": "Giới thiệu shop đi",
        "userDefined": false
      }
    ],
    "isTemplate": false,
    "count": 0,
    "updated": 1522980353
  }
]