[
  {
    "id": "84050735-1f7e-4fcf-9850-7591ad188d33",
    "data": [
      {
        "text": "web của shop là gì vậy ạ",
        "userDefined": false
      }
    ],
    "isTemplate": false,
    "count": 0,
    "updated": 1523186016
  },
  {
    "id": "7ca26ad7-53e5-42bf-b509-e3a93acb88c9",
    "data": [
      {
        "text": "Địa chỉ website của cửa hàng là gì vậy?",
        "userDefined": false
      }
    ],
    "isTemplate": false,
    "count": 0,
    "updated": 0
  },
  {
    "id": "afa15f1e-aa13-47b6-a1fe-4517380b8969",
    "data": [
      {
        "text": "ad ơi cho mình xin cái web của shop",
        "userDefined": false
      }
    ],
    "isTemplate": false,
    "count": 0,
    "updated": 1523186016
  },
  {
    "id": "52e7ef47-a95d-4d3a-a2b3-1b61136114a9",
    "data": [
      {
        "text": "web",
        "userDefined": false
      }
    ],
    "isTemplate": false,
    "count": 0,
    "updated": 1523186016
  },
  {
    "id": "4cb65962-0ce8-4237-a1ae-0d4723efb52c",
    "data": [
      {
        "text": "web shop",
        "userDefined": false
      }
    ],
    "isTemplate": false,
    "count": 0,
    "updated": 1523186016
  },
  {
    "id": "f9384165-49cc-43e6-85bb-1544a16f6b40",
    "data": [
      {
        "text": "shop web",
        "userDefined": false
      }
    ],
    "isTemplate": false,
    "count": 0,
    "updated": 1523186016
  }
]