[
  {
    "id": "f1c98c00-d079-4313-b558-c2f9e80ba0c1",
    "data": [
      {
        "text": "giờ mình đi ngủ",
        "userDefined": false
      }
    ],
    "isTemplate": false,
    "count": 0,
    "updated": 1522993370
  },
  {
    "id": "2c85644b-b891-40b8-a8b9-aa2a12d22d1c",
    "data": [
      {
        "text": "mình buồn ngủ rồi",
        "userDefined": false
      }
    ],
    "isTemplate": false,
    "count": 0,
    "updated": 1522993370
  },
  {
    "id": "0278625b-d276-48e2-8875-5dc88ae68a7a",
    "data": [
      {
        "text": "chúc ad ngủ ngon nhé",
        "userDefined": false
      }
    ],
    "isTemplate": false,
    "count": 0,
    "updated": 1522993370
  },
  {
    "id": "c9ddb8ac-b22a-40fe-af24-62549cb7d1c0",
    "data": [
      {
        "text": "Mình đi ngủ nha",
        "userDefined": false
      }
    ],
    "isTemplate": false,
    "count": 0,
    "updated": 1522993370
  }
]