[
  {
    "id": "15628eea-25ec-4c5d-b0e5-e72c49282f33",
    "data": [
      {
        "text": "thanks",
        "userDefined": false
      }
    ],
    "isTemplate": false,
    "count": 0,
    "updated": 1523106191
  },
  {
    "id": "f35cbe48-1e59-4165-895f-a847b152b8d0",
    "data": [
      {
        "text": "cảm ơn ad",
        "userDefined": false
      }
    ],
    "isTemplate": false,
    "count": 0,
    "updated": 1523106191
  },
  {
    "id": "2632d040-a0c8-47dc-8904-81d83f77a06f",
    "data": [
      {
        "text": "cảm ơn shop nhé",
        "userDefined": false
      }
    ],
    "isTemplate": false,
    "count": 0,
    "updated": 1523106191
  },
  {
    "id": "ff885f60-f5cb-42b7-81cf-da6ea1ad9a4f",
    "data": [
      {
        "text": "thank you",
        "userDefined": false
      }
    ],
    "isTemplate": false,
    "count": 0,
    "updated": 1523106191
  },
  {
    "id": "e082eb54-467e-48e8-9695-bed0f5a514be",
    "data": [
      {
        "text": "thanks ad",
        "userDefined": false
      }
    ],
    "isTemplate": false,
    "count": 0,
    "updated": 1523106191
  }
]