[
  {
    "id": "29c3d0a1-b168-490b-b365-f744d86b880a",
    "data": [
      {
        "text": "rất hài lòng",
        "userDefined": false
      }
    ],
    "isTemplate": false,
    "count": 0,
    "updated": 1522986389
  },
  {
    "id": "58ea32dc-eb22-4cee-a51a-5196c93e3388",
    "data": [
      {
        "text": "shop làm tốt lắm",
        "userDefined": false
      }
    ],
    "isTemplate": false,
    "count": 0,
    "updated": 1522986389
  },
  {
    "id": "4f93544f-4e37-41ab-aec4-03588e1d5cc6",
    "data": [
      {
        "text": "hay lắm",
        "userDefined": false
      }
    ],
    "isTemplate": false,
    "count": 0,
    "updated": 1522986389
  },
  {
    "id": "3cc1b61f-0017-420b-9075-fb89a538f015",
    "data": [
      {
        "text": "good job",
        "userDefined": false
      }
    ],
    "isTemplate": false,
    "count": 0,
    "updated": 1522986389
  }
]