[
  {
    "id": "f49cd212-bcf6-434f-8141-9aaf942e40af",
    "data": [
      {
        "text": "buôn bán kiểu gì",
        "userDefined": false
      }
    ],
    "isTemplate": false,
    "count": 0,
    "updated": 1522985493
  },
  {
    "id": "88ce46fa-5443-45ee-bb3f-87bfefca9a39",
    "data": [
      {
        "text": "shop tệ quá",
        "userDefined": false
      }
    ],
    "isTemplate": false,
    "count": 0,
    "updated": 1522985493
  },
  {
    "id": "211582f3-2f26-4974-8d84-fc7c2ec7a72e",
    "data": [
      {
        "text": "cửa hàng bạn quá tệ",
        "userDefined": false
      }
    ],
    "isTemplate": false,
    "count": 0,
    "updated": 1522985493
  },
  {
    "id": "8b8fa448-46a0-40c7-a5da-5c369e862c10",
    "data": [
      {
        "text": "shop làm ăn chán qá",
        "userDefined": false
      }
    ],
    "isTemplate": false,
    "count": 0,
    "updated": 1522985493
  },
  {
    "id": "667002bf-2cd5-4a93-9390-a7f03b42b790",
    "data": [
      {
        "text": "shop làm ăn như củ cải",
        "userDefined": false
      }
    ],
    "isTemplate": false,
    "count": 0,
    "updated": 1522985493
  },
  {
    "id": "954ba9e3-d467-4ff3-86f5-f1ec5c55fc12",
    "data": [
      {
        "text": "shop như l",
        "userDefined": false
      }
    ],
    "isTemplate": false,
    "count": 0,
    "updated": 1522985493
  },
  {
    "id": "5e05b095-993e-493c-a539-45a6406557e4",
    "data": [
      {
        "text": "quá tệ",
        "userDefined": false
      }
    ],
    "isTemplate": false,
    "count": 0,
    "updated": 1522985493
  },
  {
    "id": "5287cdc8-a46f-41bc-aa56-f67281e3e6ae",
    "data": [
      {
        "text": "làm ăn kiểu gì vậy",
        "userDefined": false
      }
    ],
    "isTemplate": false,
    "count": 0,
    "updated": 1522985493
  }
]