[
  {
    "id": "ea36b8a8-cd2c-4778-82c4-735c921c3a86",
    "data": [
      {
        "text": "mình đợi shop lâu rồi",
        "userDefined": false
      }
    ],
    "isTemplate": false,
    "count": 0,
    "updated": 1522993473
  },
  {
    "id": "257112a6-77af-4ac0-a300-5faeff40fc62",
    "data": [
      {
        "text": "lâu quá ad",
        "userDefined": false
      }
    ],
    "isTemplate": false,
    "count": 0,
    "updated": 1522993473
  },
  {
    "id": "840852cf-1263-4475-9fc2-cbd136c23394",
    "data": [
      {
        "text": "hơi lâu rồi đấy",
        "userDefined": false
      }
    ],
    "isTemplate": false,
    "count": 0,
    "updated": 1522993473
  }
]