[
  {
    "id": "2a7aa187-029d-4435-bf46-81414f81d8dd",
    "data": [
      {
        "text": "ơi",
        "userDefined": false
      }
    ],
    "isTemplate": false,
    "count": 0,
    "updated": 1523604561
  },
  {
    "id": "ac0f9da8-07ba-4fc5-a075-3a18791178aa",
    "data": [
      {
        "text": "Hi",
        "userDefined": false
      }
    ],
    "isTemplate": false,
    "count": 0,
    "updated": 1523604561
  },
  {
    "id": "b2aff22e-0a4a-428a-9a0f-d99cd3b6b83a",
    "data": [
      {
        "text": "Chào",
        "userDefined": false
      }
    ],
    "isTemplate": false,
    "count": 2,
    "updated": 1523604561
  },
  {
    "id": "41fa2848-f00a-425f-8139-47a89a61e61a",
    "data": [
      {
        "text": "Hello",
        "userDefined": false
      }
    ],
    "isTemplate": false,
    "count": 1,
    "updated": 1523604561
  }
]