[
  {
    "id": "1ebdebc7-6e3c-47fb-8fc7-7f597bf70b8a",
    "data": [
      {
        "text": "Được chứ",
        "userDefined": false
      }
    ],
    "isTemplate": false,
    "count": 0,
    "updated": 1523634822
  },
  {
    "id": "8db10549-6be3-46b1-a89d-84a76c879caa",
    "data": [
      {
        "text": "OK",
        "userDefined": false
      }
    ],
    "isTemplate": false,
    "count": 0,
    "updated": 1523634822
  },
  {
    "id": "3b4df6cd-2041-469a-a9c0-3b832f7ce4eb",
    "data": [
      {
        "text": "Tất nhiên là được rồi. Bạn cứ hỏi đi",
        "userDefined": false
      }
    ],
    "isTemplate": false,
    "count": 0,
    "updated": 1523634822
  }
]