[
  {
    "id": "ba409e11-a5d8-461e-9b38-9a8dcb0ef1c5",
    "data": [
      {
        "text": "shop có giao hàng không",
        "userDefined": false
      }
    ],
    "isTemplate": false,
    "count": 0,
    "updated": 1522988778
  },
  {
    "id": "8b97f7db-6f4a-4773-9ebb-534e081e4003",
    "data": [
      {
        "text": "có ship ko shop",
        "userDefined": false
      }
    ],
    "isTemplate": false,
    "count": 0,
    "updated": 1522988778
  },
  {
    "id": "182b0d81-c30f-44d3-a5ce-b439ff374198",
    "data": [
      {
        "text": "giao hàng như thế nào vậy ad",
        "userDefined": false
      }
    ],
    "isTemplate": false,
    "count": 0,
    "updated": 1522988778
  },
  {
    "id": "33f1f533-c125-4b1d-b4a8-ac2d537ba75e",
    "data": [
      {
        "text": "shop ơi cho mình đặt hàng",
        "userDefined": false
      }
    ],
    "isTemplate": false,
    "count": 0,
    "updated": 1522988778
  },
  {
    "id": "0597a526-9f93-4a14-8aba-98e1d228ab29",
    "data": [
      {
        "text": "ship hộ mình tới",
        "userDefined": false
      }
    ],
    "isTemplate": false,
    "count": 0,
    "updated": 1522988778
  },
  {
    "id": "714a32dc-26e4-47c6-95a6-f838c36f3fc8",
    "data": [
      {
        "text": "giao hàng tới đây",
        "userDefined": false
      }
    ],
    "isTemplate": false,
    "count": 0,
    "updated": 1522988778
  },
  {
    "id": "19400f06-e87e-47a0-8ec8-d14afb0a821d",
    "data": [
      {
        "text": "free ship ko",
        "userDefined": false
      }
    ],
    "isTemplate": false,
    "count": 0,
    "updated": 1522988778
  },
  {
    "id": "0326da54-1570-4912-8cea-2e74cc041db7",
    "data": [
      {
        "text": "có free ship không shop",
        "userDefined": false
      }
    ],
    "isTemplate": false,
    "count": 0,
    "updated": 1522988778
  }
]