[
  {
    "id": "3d1c4335-a6f2-469b-a491-63fd3a161acd",
    "data": [
      {
        "text": "cho mình xem các sản phẩm của shop",
        "userDefined": false
      }
    ],
    "isTemplate": false,
    "count": 0,
    "updated": 0
  },
  {
    "id": "3de3f10d-5ae6-46f6-b1da-642bcdae325f",
    "data": [
      {
        "text": "cho mình xem mặt hàng của các bạn",
        "userDefined": false
      }
    ],
    "isTemplate": false,
    "count": 0,
    "updated": 0
  },
  {
    "id": "3a320d11-826a-444b-816e-a681ffcaeb68",
    "data": [
      {
        "text": "mặt hàng nào",
        "userDefined": false
      }
    ],
    "isTemplate": false,
    "count": 0,
    "updated": 1523601428
  },
  {
    "id": "af44275d-c160-42fe-a015-c5630eb26fc1",
    "data": [
      {
        "text": "bán mặt hàng",
        "userDefined": false
      }
    ],
    "isTemplate": false,
    "count": 0,
    "updated": 1523601428
  },
  {
    "id": "19ae8b2d-b821-4cad-b69e-80db44ef55fc",
    "data": [
      {
        "text": "Cho mình xem các mặt hàng mà shop bán nhé",
        "userDefined": false
      }
    ],
    "isTemplate": false,
    "count": 0,
    "updated": 0
  },
  {
    "id": "2f995abe-0562-4703-9df8-15c3b5f892b3",
    "data": [
      {
        "text": "mặt hàng gì",
        "userDefined": false
      }
    ],
    "isTemplate": false,
    "count": 0,
    "updated": 1523601428
  }
]