[
  {
    "id": "4ef4b0d1-bba6-4f79-bcef-89a6c55fc28b",
    "data": [
      {
        "text": "bạn làm phiền tôi hơi nhiều đấy",
        "userDefined": false
      }
    ],
    "isTemplate": false,
    "count": 0,
    "updated": 1523108438
  },
  {
    "id": "46b0bfc2-83bd-4bc4-ac3f-0f0f7379f42d",
    "data": [
      {
        "text": "bạn làm phiền tôi",
        "userDefined": false
      }
    ],
    "isTemplate": false,
    "count": 0,
    "updated": 1523108438
  },
  {
    "id": "4c6692dc-a0e2-4c10-801f-95aa2cb59745",
    "data": [
      {
        "text": "bạn siêu phiền phức luôn",
        "userDefined": false
      }
    ],
    "isTemplate": false,
    "count": 0,
    "updated": 1523108438
  },
  {
    "id": "47e3edd9-7121-4be4-a1b6-df646a418ed1",
    "data": [
      {
        "text": "bạn phiền vãi",
        "userDefined": false
      }
    ],
    "isTemplate": false,
    "count": 0,
    "updated": 1523108438
  },
  {
    "id": "93c2bd00-6fc5-4bef-be22-72601a094f29",
    "data": [
      {
        "text": "bạn phiền phức quá",
        "userDefined": false
      }
    ],
    "isTemplate": false,
    "count": 0,
    "updated": 1523108438
  },
  {
    "id": "4bbce997-8559-49a5-b69e-8b3864383403",
    "data": [
      {
        "text": "tôi thấy bạn ồn ào",
        "userDefined": false
      }
    ],
    "isTemplate": false,
    "count": 0,
    "updated": 1523108438
  },
  {
    "id": "714bce97-697b-49dc-ac3b-4d33b021af54",
    "data": [
      {
        "text": "bạn thiệt là phiền phức",
        "userDefined": false
      }
    ],
    "isTemplate": false,
    "count": 0,
    "updated": 1523108438
  },
  {
    "id": "c9aab80d-dca8-48c9-a54a-20d88ca382e7",
    "data": [
      {
        "text": "bạn quá phiền",
        "userDefined": false
      }
    ],
    "isTemplate": false,
    "count": 0,
    "updated": 1523108438
  },
  {
    "id": "f1c16d40-fe0a-4a5e-94fa-827b1fbaaad4",
    "data": [
      {
        "text": "you are irritating",
        "userDefined": false
      }
    ],
    "isTemplate": false,
    "count": 0,
    "updated": 1523108438
  },
  {
    "id": "77b148c7-3a29-41df-b7bf-fecf21a7f2da",
    "data": [
      {
        "text": "Shop đúng là phiền phức",
        "userDefined": false
      }
    ],
    "isTemplate": false,
    "count": 0,
    "updated": 1523590705
  },
  {
    "id": "d8901161-72a7-4087-9449-a66dbf9e6309",
    "data": [
      {
        "text": "bạn đang lam phiền tôi",
        "userDefined": false
      }
    ],
    "isTemplate": false,
    "count": 0,
    "updated": 1523108438
  },
  {
    "id": "7b844a47-46ba-4862-b27e-e1281471b0cc",
    "data": [
      {
        "text": "bạn rất phiền",
        "userDefined": false
      }
    ],
    "isTemplate": false,
    "count": 0,
    "updated": 1523108438
  }
]