[
  {
    "id": "bbab16d8-7d36-4f5e-abfb-b94a80643bb5",
    "data": [
      {
        "text": "anh chưa trả lời câu hỏi của em",
        "userDefined": false
      }
    ],
    "isTemplate": false,
    "count": 0,
    "updated": 1522767357
  },
  {
    "id": "9909683b-4863-4345-a5b0-2b6bd29bd889",
    "data": [
      {
        "text": "bạn chưa trả lời câu hỏi của mình",
        "userDefined": false
      }
    ],
    "isTemplate": false,
    "count": 0,
    "updated": 1522767357
  },
  {
    "id": "7c3c1ce8-3a62-44b9-bfca-953921ff50e9",
    "data": [
      {
        "text": "trả lời tôi đi",
        "userDefined": false
      }
    ],
    "isTemplate": false,
    "count": 0,
    "updated": 1522767357
  },
  {
    "id": "5e2c39ae-5a36-4f7e-8483-e2c969bcb3da",
    "data": [
      {
        "text": "trả lời nhanh giúp mình cái",
        "userDefined": false
      }
    ],
    "isTemplate": false,
    "count": 0,
    "updated": 1522767357
  },
  {
    "id": "e8495a36-dbf4-4a9a-bfd2-67aa7aeec62a",
    "data": [
      {
        "text": "mình muốn bạn trả lời câu hỏi của mình",
        "userDefined": false
      }
    ],
    "isTemplate": false,
    "count": 0,
    "updated": 1522767357
  },
  {
    "id": "0e1ac69c-cd21-4ada-b4fa-cba58870bc68",
    "data": [
      {
        "text": "shop trả lời đi",
        "userDefined": false
      }
    ],
    "isTemplate": false,
    "count": 0,
    "updated": 1522767357
  },
  {
    "id": "2cca5812-ae30-4f18-8339-bde9013b94d3",
    "data": [
      {
        "text": "trả lời mình đi",
        "userDefined": false
      }
    ],
    "isTemplate": false,
    "count": 0,
    "updated": 1522767357
  },
  {
    "id": "660fa2c7-60e3-42d4-88e1-597d13dcfb32",
    "data": [
      {
        "text": "ad chưa trả lời câu hỏi của mình",
        "userDefined": false
      }
    ],
    "isTemplate": false,
    "count": 0,
    "updated": 1522767357
  },
  {
    "id": "ce9fc6db-4cf7-4d8a-a114-357b8e27a964",
    "data": [
      {
        "text": "trả lời t đi",
        "userDefined": false
      }
    ],
    "isTemplate": false,
    "count": 0,
    "updated": 1522767357
  },
  {
    "id": "e655d1c9-51c4-48d7-a4a1-3862d8479145",
    "data": [
      {
        "text": "sao bạn không trả lời mình",
        "userDefined": false
      }
    ],
    "isTemplate": false,
    "count": 0,
    "updated": 1522767357
  }
]